clientId,clientName,orderId,orderDate
"C001","Jean Dupont","CMD001","2024-01-05"
"C002","Sophie Martin","CMD002","2024-01-07"
"C003","Luc Bernard","CMD003","2024-01-09"
"C004","Marie Leroy","CMD004","2024-01-11"
"C005","Pierre Moreau","CMD005","2024-01-13"
"C001","Jean Dupont","CMD006","2024-01-15"
"C002","Sophie Martin","CMD007","2024-01-17"
"C003","Luc Bernard","CMD008","2024-01-19"
"C004","Marie Leroy","CMD009","2024-01-21"
"C005","Pierre Moreau","CMD010","2024-01-23"
"C001","Jean Dupont","CMD011","2024-01-25"
"C002","Sophie Martin","CMD012","2024-01-27"
"C003","Luc Bernard","CMD013","2024-01-29"
"C004","Marie Leroy","CMD014","2024-01-31"
"C005","Pierre Moreau","CMD015","2024-02-02"
"C001","Jean Dupont","CMD016","2024-02-04"
"C002","Sophie Martin","CMD017","2024-02-06"
"C003","Luc Bernard","CMD018","2024-02-08"
"C004","Marie Leroy","CMD019","2024-02-10"
"C005","Pierre Moreau","CMD020","2024-02-12"
"C001","Jean Dupont","CMD021","2025-02-14"
"C002","Sophie Martin","CMD022","2024-02-16"
"C003","Luc Bernard","CMD023","2024-02-18"
"C004","Marie Leroy","CMD024","2024-02-20"
"C005","Pierre Moreau","CMD025","2024-02-22"
"C001","Jean Dupont","CMD026","2024-02-24"
"C002","Sophie Martin","CMD027","2024-02-26"
"C003","Luc Bernard","CMD028","2024-02-28"
"C004","Marie Leroy","CMD029","2024-03-01"
"C005","Pierre Moreau","CMD030","2024-03-03"
"C001","Jean Dupont","CMD031","2024-03-05"
"C002","Sophie Martin","CMD032","2024-03-07"
"C003","Luc Bernard","CMD033","2024-03-09"
"C004","Marie Leroy","CMD034","2024-03-11"
"C005","Pierre Moreau","CMD035","2024-03-13"
"C001","Jean Dupont","CMD036","2024-03-15"
"C002","Sophie Martin","CMD037","2024-03-17"
"C003","Luc Bernard","CMD038","2024-03-19"
"C004","Marie Leroy","CMD039","2024-03-21"
"C005","Pierre Moreau","CMD040","2024-03-23"
"C001","Jean Dupont","CMD041","2024-03-25"
"C002","Sophie Martin","CMD042","2024-03-27"
"C003","Luc Bernard","CMD043","2024-03-29"
"C004","Marie Leroy","CMD044","2024-03-31"
"C005","Pierre Moreau","CMD045","2024-04-02"
"C001","Jean Dupont","CMD046","2024-04-04"
"C002","Sophie Martin","CMD047","2024-04-06"
"C003","Luc Bernard","CMD048","2024-04-08"
"C004","Marie Leroy","CMD049","2024-04-10"
"C005","Pierre Moreau","CMD050","2024-04-12"
"C001","Jean Dupont","CMD051","2024-04-14"
"C002","Sophie Martin","CMD052","2024-04-16"
"C003","Luc Bernard","CMD053","2024-04-18"
"C004","Marie Leroy","CMD054","2024-04-20"
"C005","Pierre Moreau","CMD055","2024-04-22"
"C001","Jean Dupont","CMD056","2024-04-24"
"C002","Sophie Martin","CMD057","2024-04-26"
"C003","Luc Bernard","CMD058","2024-04-28"
"C004","Marie Leroy","CMD059","2024-04-30"
"C005","Pierre Moreau","CMD060","2024-05-02"
"C001","Jean Dupont","CMD061","2024-05-04"
"C002","Sophie Martin","CMD062","2024-05-06"
"C003","Luc Bernard","CMD063","2024-05-08"
"C004","Marie Leroy","CMD064","2024-05-10"
"C005","Pierre Moreau","CMD065","2024-05-12"
"C001","Jean Dupont","CMD066","2024-05-14"
"C002","Sophie Martin","CMD067","2024-05-16"
"C003","Luc Bernard","CMD068","2024-05-18"
"C004","Marie Leroy","CMD069","2024-05-20"
"C005","Pierre Moreau","CMD070","2024-05-22"
"C001","Jean Dupont","CMD071","2024-05-24"
"C002","Sophie Martin","CMD072","2024-05-26"
"C003","Luc Bernard","CMD073","2024-05-28"
"C004","Marie Leroy","CMD074","2024-05-30"
"C005","Pierre Moreau","CMD075","2024-06-01"
"C001","Jean Dupont","CMD076","2024-06-03"
"C002","Sophie Martin","CMD077","2024-06-05"
"C003","Luc Bernard","CMD078","2024-06-07"
"C004","Marie Leroy","CMD079","2024-06-09"
"C005","Pierre Moreau","CMD080","2024-06-11"
"C001","Jean Dupont","CMD081","2024-06-13"
"C002","Sophie Martin","CMD082","2024-06-15"
"C003","Luc Bernard","CMD083","2024-06-17"
"C004","Marie Leroy","CMD084","2024-06-19"
"C005","Pierre Moreau","CMD085","2024-06-21"
"C001","Jean Dupont","CMD086","2024-06-23"
"C002","Sophie Martin","CMD087","2024-06-25"
"C003","Luc Bernard","CMD088","2024-06-27"
"C004","Marie Leroy","CMD089","2024-06-29"
"C005","Pierre Moreau","CMD090","2024-07-01"
"C001","Jean Dupont","CMD091","2024-07-03"
"C002","Sophie Martin","CMD092","2024-07-05"
"C003","Luc Bernard","CMD093","2024-07-07"
"C004","Marie Leroy","CMD094","2024-07-09"
"C005","Pierre Moreau","CMD095","2024-07-11"
"C001","Jean Dupont","CMD096","2024-07-13"
"C002","Sophie Martin","CMD097","2024-07-15"
"C003","Luc Bernard","CMD098","2024-07-17"
"C004","Marie Leroy","CMD099","2024-07-19"
"C005","Pierre Moreau","CMD100","2024-07-21"
"C001","Jean Dupont","CMD101","2024-07-23"
"C002","Sophie Martin","CMD102","2024-07-25"
"C003","Luc Bernard","CMD103","2024-07-27"
"C004","Marie Leroy","CMD104","2024-07-29"
"C005","Pierre Moreau","CMD105","2024-07-31"
"C001","Jean Dupont","CMD106","2024-08-02"
"C002","Sophie Martin","CMD107","2024-08-04"
"C003","Luc Bernard","CMD108","2024-08-06"
"C004","Marie Leroy","CMD109","2024-08-08"
"C005","Pierre Moreau","CMD110","2024-08-10"
"C001","Jean Dupont","CMD111","2024-08-12"
"C002","Sophie Martin","CMD112","2024-08-14"
"C003","Luc Bernard","CMD113","2024-08-16"
"C004","Marie Leroy","CMD114","2024-08-18"
"C005","Pierre Moreau","CMD115","2024-08-20"
"C001","Jean Dupont","CMD116","2024-08-22"
"C002","Sophie Martin","CMD117","2024-08-24"
"C003","Luc Bernard","CMD118","2024-08-26"
"C004","Marie Leroy","CMD119","2024-08-28"
"C005","Pierre Moreau","CMD120","2024-08-30"
"C001","Jean Dupont","CMD121","2024-09-01"
"C002","Sophie Martin","CMD122","2024-09-03"
"C003","Luc Bernard","CMD123","2024-09-05"
"C004","Marie Leroy","CMD124","2024-09-07"
"C005","Pierre Moreau","CMD125","2024-09-09"
"C001","Jean Dupont","CMD126","2024-09-11"
"C002","Sophie Martin","CMD127","2024-09-13"
"C003","Luc Bernard","CMD128","2024-09-15"
"C004","Marie Leroy","CMD129","2024-09-17"
"C005","Pierre Moreau","CMD130","2024-09-19"
"C001","Jean Dupont","CMD131","2024-09-21"
"C002","Sophie Martin","CMD132","2024-09-23"
"C003","Luc Bernard","CMD133","2024-09-25"
"C004","Marie Leroy","CMD134","2024-09-27"
"C005","Pierre Moreau","CMD135","2024-09-29"
"C001","Jean Dupont","CMD136","2024-10-01"
"C002","Sophie Martin","CMD137","2024-10-03"
"C003","Luc Bernard","CMD138","2024-10-05"
"C004","Marie Leroy","CMD139","2024-10-07"
"C005","Pierre Moreau","CMD140","2024-10-09"
"C001","Jean Dupont","CMD141","2024-10-11"
"C002","Sophie Martin","CMD142","2024-10-13"
"C003","Luc Bernard","CMD143","2024-10-15"
"C004","Marie Leroy","CMD144","2024-10-17"
"C005","Pierre Moreau","CMD145","2024-10-19"
"C001","Jean Dupont","CMD146","2024-10-21"
"C002","Sophie Martin","CMD147","2024-10-23"
"C003","Luc Bernard","CMD148","2024-10-25"
"C004","Marie Leroy","CMD149","2024-10-27"
"C005","Pierre Moreau","CMD150","2024-10-29"
"C001","Jean Dupont","CMD151","2024-10-31"
"C002","Sophie Martin","CMD152","2024-11-02"
"C003","Luc Bernard","CMD153","2024-11-04"
"C004","Marie Leroy","CMD154","2024-11-06"
"C005","Pierre Moreau","CMD155","2024-11-08"
"C001","Jean Dupont","CMD156","2024-11-10"
"C002","Sophie Martin","CMD157","2024-11-12"
"C003","Luc Bernard","CMD158","2024-11-14"
"C004","Marie Leroy","CMD159","2024-11-16"
"C005","Pierre Moreau","CMD160","2024-11-18"
"C001","Jean Dupont","CMD161","2024-11-20"
"C002","Sophie Martin","CMD162","2024-11-22"
"C003","Luc Bernard","CMD163","2024-11-24"
"C004","Marie Leroy","CMD164","2024-11-26"
"C005","Pierre Moreau","CMD165","2024-11-28"
"C001","Jean Dupont","CMD166","2024-11-30"
"C002","Sophie Martin","CMD167","2024-12-02"
"C003","Luc Bernard","CMD168","2024-12-04"
"C004","Marie Leroy","CMD169","2024-12-06"
"C005","Pierre Moreau","CMD170","2024-12-08"
"C001","Jean Dupont","CMD171","2024-12-10"
"C002","Sophie Martin","CMD172","2024-12-12"
"C003","Luc Bernard","CMD173","2024-12-14"
"C004","Marie Leroy","CMD174","2024-12-16"
"C005","Pierre Moreau","CMD175","2024-12-18"
"C001","Jean Dupont","CMD176","2024-12-20"
"C002","Sophie Martin","CMD177","2024-12-22"
"C003","Luc Bernard","CMD178","2024-12-24"
"C004","Marie Leroy","CMD179","2024-12-26"
"C005","Pierre Moreau","CMD180","2024-12-28"
"C001","Jean Dupont","CMD181","2024-12-30"
"C002","Sophie Martin","CMD182","2025-01-01"
"C003","Luc Bernard","CMD183","2025-01-03"
"C004","Marie Leroy","CMD184","2025-01-05"
"C005","Pierre Moreau","CMD185","2025-01-07"
"C001","Jean Dupont","CMD186","2025-01-09"
"C002","Sophie Martin","CMD187","2025-01-11"
"C003","Luc Bernard","CMD188","2025-01-13"
"C004","Marie Leroy","CMD189","2025-01-15"
"C005","Pierre Moreau","CMD190","2025-01-17"
"C001","Jean Dupont","CMD191","2025-01-19"
"C002","Sophie Martin","CMD192","2025-01-21"
"C003","Luc Bernard","CMD193","2025-01-23"
"C004","Marie Leroy","CMD194","2025-01-25"
"C005","Pierre Moreau","CMD195","2025-01-27"
"C001","Jean Dupont","CMD196","2025-01-29"
"C002","Sophie Martin","CMD197","2025-01-31"
"C003","Luc Bernard","CMD198","2025-02-02"
"C004","Marie Leroy","CMD199","2025-02-04"
"C005","Pierre Moreau","CMD200","2025-02-06"
"C001","Jean Dupont","CMD201","2025-02-08"
"C002","Sophie Martin","CMD202","2025-02-10"
"C003","Luc Bernard","CMD203","2025-02-12"
"C004","Marie Leroy","CMD204","2025-02-14"
"C005","Pierre Moreau","CMD205","2025-02-16"
"C001","Jean Dupont","CMD206","2025-02-18"
"C002","Sophie Martin","CMD207","2025-02-20"
"C003","Luc Bernard","CMD208","2025-02-22"
"C004","Marie Leroy","CMD209","2025-02-24"
"C005","Pierre Moreau","CMD210","2025-02-26"
"C001","Jean Dupont","CMD211","2025-02-28"
"C002","Sophie Martin","CMD212","2025-03-02"
"C003","Luc Bernard","CMD213","2025-03-04"
"C004","Marie Leroy","CMD214","2025-03-06"
"C005","Pierre Moreau","CMD215","2025-03-08"
"C001","Jean Dupont","CMD216","2025-03-10"
"C002","Sophie Martin","CMD217","2025-03-12"
"C003","Luc Bernard","CMD218","2025-03-14"
"C004","Marie Leroy","CMD219","2025-03-16"
"C005","Pierre Moreau","CMD220","2025-03-18"
"C001","Jean Dupont","CMD221","2025-03-20"
"C002","Sophie Martin","CMD222","2025-03-22"
"C003","Luc Bernard","CMD223","2025-03-24"
"C004","Marie Leroy","CMD224","2025-03-26"
"C005","Pierre Moreau","CMD225","2025-03-28"
"C001","Jean Dupont","CMD226","2025-03-30"
"C002","Sophie Martin","CMD227","2025-04-01"
"C003","Luc Bernard","CMD228","2025-04-03"
"C004","Marie Leroy","CMD229","2025-04-05"
"C005","Pierre Moreau","CMD230","2025-04-07"
"C001","Jean Dupont","CMD231","2025-04-09"
"C002","Sophie Martin","CMD232","2025-04-11"
"C003","Luc Bernard","CMD233","2025-04-13"
"C004","Marie Leroy","CMD234","2025-04-15"
"C005","Pierre Moreau","CMD235","2025-04-17"
"C001","Jean Dupont","CMD236","2025-04-19"
"C002","Sophie Martin","CMD237","2025-04-21"
"C003","Luc Bernard","CMD238","2025-04-23"
"C004","Marie Leroy","CMD239","2025-04-25"
"C005","Pierre Moreau","CMD240","2025-04-27"
"C001","Jean Dupont","CMD241","2025-04-29"
"C002","Sophie Martin","CMD242","2025-05-01"
"C003","Luc Bernard","CMD243","2025-05-03"
"C004","Marie Leroy","CMD244","2025-05-05"
"C005","Pierre Moreau","CMD245","2025-05-07"
"C001","Jean Dupont","CMD246","2025-05-09"
"C002","Sophie Martin","CMD247","2025-05-11"
"C003","Luc Bernard","CMD248","2025-05-13"
"C004","Marie Leroy","CMD249","2025-05-15"
"C005","Pierre Moreau","CMD250","2025-05-17"
"C001","Jean Dupont","CMD251","2025-05-19"
"C002","Sophie Martin","CMD252","2025-05-21"
"C003","Luc Bernard","CMD253","2025-05-23"
"C004","Marie Leroy","CMD254","2025-05-25"
"C005","Pierre Moreau","CMD255","2025-05-27"
"C001","Jean Dupont","CMD256","2025-05-29"
"C002","Sophie Martin","CMD257","2025-05-31"
"C003","Luc Bernard","CMD258","2025-06-02"
"C004","Marie Leroy","CMD259","2025-06-04"
"C005","Pierre Moreau","CMD260","2025-06-06"
"C001","Jean Dupont","CMD261","2025-06-08"
"C002","Sophie Martin","CMD262","2025-06-10"
"C003","Luc Bernard","CMD263","2025-06-12"
"C004","Marie Leroy","CMD264","2025-06-14"
"C005","Pierre Moreau","CMD265","2025-06-16"
"C001","Jean Dupont","CMD266","2025-06-18"
"C002","Sophie Martin","CMD267","2025-06-20"
"C003","Luc Bernard","CMD268","2025-06-22"
"C004","Marie Leroy","CMD269","2025-06-24"
"C005","Pierre Moreau","CMD270","2025-06-26"
"C001","Jean Dupont","CMD271","2025-06-28"
"C002","Sophie Martin","CMD272","2025-06-30"
"C003","Luc Bernard","CMD273","2025-07-02"
"C004","Marie Leroy","CMD274","2025-07-04"
"C005","Pierre Moreau","CMD275","2025-07-06"
"C001","Jean Dupont","CMD276","2025-07-08"
"C002","Sophie Martin","CMD277","2025-07-10"
"C003","Luc Bernard","CMD278","2025-07-12"
"C004","Marie Leroy","CMD279","2025-07-14"
"C005","Pierre Moreau","CMD280","2025-07-16"
"C001","Jean Dupont","CMD281","2025-07-18"
"C002","Sophie Martin","CMD282","2025-07-20"
"C003","Luc Bernard","CMD283","2025-07-22"
"C004","Marie Leroy","CMD284","2025-07-24"
"C005","Pierre Moreau","CMD285","2025-07-26"
"C001","Jean Dupont","CMD286","2025-07-28"
"C002","Sophie Martin","CMD287","2025-07-30"
"C003","Luc Bernard","CMD288","2025-08-01"
"C004","Marie Leroy","CMD289","2025-08-03"
"C005","Pierre Moreau","CMD290","2025-08-05"
"C001","Jean Dupont","CMD291","2025-08-07"
"C002","Sophie Martin","CMD292","2025-08-09"
"C003","Luc Bernard","CMD293","2025-08-11"
"C004","Marie Leroy","CMD294","2025-08-13"
"C005","Pierre Moreau","CMD295","2025-08-15"
"C001","Jean Dupont","CMD296","2025-08-17"
"C002","Sophie Martin","CMD297","2025-08-19"
"C003","Luc Bernard","CMD298","2025-08-21"
"C004","Marie Leroy","CMD299","2025-08-23"
"C005","Pierre Moreau","CMD300","2025-08-25"
"C001","Jean Dupont","CMD301","2025-08-27"
"C002","Sophie Martin","CMD302","2025-08-29"
"C003","Luc Bernard","CMD303","2025-08-31"
"C004","Marie Leroy","CMD304","2025-09-02"
"C005","Pierre Moreau","CMD305","2025-09-04"
"C001","Jean Dupont","CMD306","2025-09-06"
"C002","Sophie Martin","CMD307","2025-09-08"
"C003","Luc Bernard","CMD308","2025-09-10"
"C004","Marie Leroy","CMD309","2025-09-12"
"C005","Pierre Moreau","CMD310","2025-09-14"
"C001","Jean Dupont","CMD311","2025-09-16"
"C002","Sophie Martin","CMD312","2025-09-18"
"C003","Luc Bernard","CMD313","2025-09-20"
"C004","Marie Leroy","CMD314","2025-09-22"
"C005","Pierre Moreau","CMD315","2025-09-24"
"C001","Jean Dupont","CMD316","2025-09-26"
"C002","Sophie Martin","CMD317","2025-09-28"
"C003","Luc Bernard","CMD318","2025-09-30"
"C004","Marie Leroy","CMD319","2025-10-02"
"C005","Pierre Moreau","CMD320","2025-10-04"
"C001","Jean Dupont","CMD321","2025-10-06"
"C002","Sophie Martin","CMD322","2025-10-08"
"C003","Luc Bernard","CMD323","2025-10-10"
"C004","Marie Leroy","CMD324","2025-10-12"
"C005","Pierre Moreau","CMD325","2025-10-14"
"C001","Jean Dupont","CMD326","2025-10-16"
"C002","Sophie Martin","CMD327","2025-10-18"
"C003","Luc Bernard","CMD328","2025-10-20"
"C004","Marie Leroy","CMD329","2025-10-22"
"C005","Pierre Moreau","CMD330","2025-10-24"
"C001","Jean Dupont","CMD331","2025-10-26"
"C002","Sophie Martin","CMD332","2025-10-28"
"C003","Luc Bernard","CMD333","2025-10-30"
"C004","Marie Leroy","CMD334","2025-11-01"
"C005","Pierre Moreau","CMD335","2025-11-03"
"C001","Jean Dupont","CMD336","2025-11-05"
"C002","Sophie Martin","CMD337","2025-11-07"
"C003","Luc Bernard","CMD338","2025-11-09"
"C004","Marie Leroy","CMD339","2025-11-11"
"C005","Pierre Moreau","CMD340","2025-11-13"
"C001","Jean Dupont","CMD341","2025-11-15"
"C002","Sophie Martin","CMD342","2025-11-17"
"C003","Luc Bernard","CMD343","2025-11-19"
"C004","Marie Leroy","CMD344","2025-11-21"
"C005","Pierre Moreau","CMD345","2025-11-23"
"C001","Jean Dupont","CMD346","2025-11-25"
"C002","Sophie Martin","CMD347","2025-11-27"
"C003","Luc Bernard","CMD348","2025-11-29"
"C004","Marie Leroy","CMD349","2025-12-01"
"C005","Pierre Moreau","CMD350","2025-12-03"
"C001","Jean Dupont","CMD351","2025-12-05"
"C002","Sophie Martin","CMD352","2025-12-07"
"C003","Luc Bernard","CMD353","2025-12-09"
"C004","Marie Leroy","CMD354","2025-12-11"
"C005","Pierre Moreau","CMD355","2025-12-13"
"C001","Jean Dupont","CMD356","2025-12-15"
"C002","Sophie Martin","CMD357","2025-12-17"
"C003","Luc Bernard","CMD358","2025-12-19"
"C004","Marie Leroy","CMD359","2025-12-21"
"C005","Pierre Moreau","CMD360","2025-12-23"
"C001","Jean Dupont","CMD361","2025-12-25"
"C002","Sophie Martin","CMD362","2025-12-27"
"C003","Luc Bernard","CMD363","2025-12-29"
"C004","Marie Leroy","CMD364","2025-12-31"
"C005","Pierre Moreau","CMD365","2026-01-02"
"C001","Jean Dupont","CMD366","2026-01-04"
"C002","Sophie Martin","CMD367","2026-01-06"
"C003","Luc Bernard","CMD368","2026-01-08"
"C004","Marie Leroy","CMD369","2026-01-10"
"C005","Pierre Moreau","CMD370","2026-01-12"
"C001","Jean Dupont","CMD371","2026-01-14"
"C002","Sophie Martin","CMD372","2026-01-16"
"C003","Luc Bernard","CMD373","2026-01-18"
"C004","Marie Leroy","CMD374","2026-01-20"
"C005","Pierre Moreau","CMD375","2026-01-22"
"C001","Jean Dupont","CMD376","2026-01-24"
"C002","Sophie Martin","CMD377","2026-01-26"
"C003","Luc Bernard","CMD378","2026-01-28"
"C004","Marie Leroy","CMD379","2026-01-30"
"C005","Pierre Moreau","CMD380","2026-02-01"
"C001","Jean Dupont","CMD381","2026-02-03"
"C002","Sophie Martin","CMD382","2026-02-05"
"C003","Luc Bernard","CMD383","2026-02-07"
"C004","Marie Leroy","CMD384","2026-02-09"
"C005","Pierre Moreau","CMD385","2026-02-11"
"C001","Jean Dupont","CMD386","2026-02-13"
"C002","Sophie Martin","CMD387","2026-02-15"
"C003","Luc Bernard","CMD388","2026-02-17"
"C004","Marie Leroy","CMD389","2026-02-19"
"C005","Pierre Moreau","CMD390","2026-02-21"
"C001","Jean Dupont","CMD391","2026-02-23"
"C002","Sophie Martin","CMD392","2026-02-25"
"C003","Luc Bernard","CMD393","2026-02-27"
"C004","Marie Leroy","CMD394","2026-03-01"
"C005","Pierre Moreau","CMD395","2026-03-03"
"C001","Jean Dupont","CMD396","2026-03-05"
"C002","Sophie Martin","CMD397","2026-03-07"
"C003","Luc Bernard","CMD398","2026-03-09"
"C004","Marie Leroy","CMD399","2026-03-11"
"C005","Pierre Moreau","CMD400","2026-03-13"
"C001","Jean Dupont","CMD401","2026-03-15"
"C002","Sophie Martin","CMD402","2026-03-17"
"C003","Luc Bernard","CMD403","2026-03-19"
"C004","Marie Leroy","CMD404","2026-03-21"
"C005","Pierre Moreau","CMD405","2026-03-23"
"C001","Jean Dupont","CMD406","2026-03-25"
"C002","Sophie Martin","CMD407","2026-03-27"
"C003","Luc Bernard","CMD408","2026-03-29"
"C004","Marie Leroy","CMD409","2026-03-31"
"C005","Pierre Moreau","CMD410","2026-04-02"
"C001","Jean Dupont","CMD411","2026-04-04"
"C002","Sophie Martin","CMD412","2026-04-06"
"C003","Luc Bernard","CMD413","2026-04-08"
"C004","Marie Leroy","CMD414","2026-04-10"
"C005","Pierre Moreau","CMD415","2026-04-12"
"C001","Jean Dupont","CMD416","2026-04-14"
"C002","Sophie Martin","CMD417","2026-04-16"
"C003","Luc Bernard","CMD418","2026-04-18"
"C004","Marie Leroy","CMD419","2026-04-20"
"C005","Pierre Moreau","CMD420","2026-04-22"
"C001","Jean Dupont","CMD421","2026-04-24"
"C002","Sophie Martin","CMD422","2026-04-26"
"C003","Luc Bernard","CMD423","2026-04-28"
"C004","Marie Leroy","CMD424","2026-04-30"
"C005","Pierre Moreau","CMD425","2026-05-02"
"C001","Jean Dupont","CMD426","2026-05-04"
"C002","Sophie Martin","CMD427","2026-05-06"
"C003","Luc Bernard","CMD428","2026-05-08"
"C004","Marie Leroy","CMD429","2026-05-10"
"C005","Pierre Moreau","CMD430","2026-05-12"
"C001","Jean Dupont","CMD431","2026-05-14"
"C002","Sophie Martin","CMD432","2026-05-16"
"C003","Luc Bernard","CMD433","2026-05-18"
"C004","Marie Leroy","CMD434","2026-05-20"
"C005","Pierre Moreau","CMD435","2026-05-22"
"C001","Jean Dupont","CMD436","2026-05-24"
"C002","Sophie Martin","CMD437","2026-05-26"
"C003","Luc Bernard","CMD438","2026-05-28"
"C004","Marie Leroy","CMD439","2026-05-30"
"C005","Pierre Moreau","CMD440","2026-06-01"
"C001","Jean Dupont","CMD441","2026-06-03"
"C002","Sophie Martin","CMD442","2026-06-05"
"C003","Luc Bernard","CMD443","2026-06-07"
"C004","Marie Leroy","CMD444","2026-06-09"
"C005","Pierre Moreau","CMD445","2026-06-11"
"C001","Jean Dupont","CMD446","2026-06-13"
"C002","Sophie Martin","CMD447","2026-06-15"
"C003","Luc Bernard","CMD448","2026-06-17"
"C004","Marie Leroy","CMD449","2026-06-19"
"C005","Pierre Moreau","CMD450","2026-06-21"
"C001","Jean Dupont","CMD451","2026-06-23"
"C002","Sophie Martin","CMD452","2026-06-25"
"C003","Luc Bernard","CMD453","2026-06-27"
"C004","Marie Leroy","CMD454","2026-06-29"
"C005","Pierre Moreau","CMD455","2026-07-01"
"C001","Jean Dupont","CMD456","2026-07-03"
"C002","Sophie Martin","CMD457","2026-07-05"
"C003","Luc Bernard","CMD458","2026-07-07"
"C004","Marie Leroy","CMD459","2026-07-09"
"C005","Pierre Moreau","CMD460","2026-07-11"
"C001","Jean Dupont","CMD461","2026-07-13"
"C002","Sophie Martin","CMD462","2026-07-15"
"C003","Luc Bernard","CMD463","2026-07-17"
"C004","Marie Leroy","CMD464","2026-07-19"
"C005","Pierre Moreau","CMD465","2026-07-21"
"C001","Jean Dupont","CMD466","2026-07-23"
"C002","Sophie Martin","CMD467","2026-07-25"
"C003","Luc Bernard","CMD468","2026-07-27"
"C004","Marie Leroy","CMD469","2026-07-29"
"C005","Pierre Moreau","CMD470","2026-07-31"
"C001","Jean Dupont","CMD471","2026-08-02"
"C002","Sophie Martin","CMD472","2026-08-04"
"C003","Luc Bernard","CMD473","2026-08-06"
"C004","Marie Leroy","CMD474","2026-08-08"
"C005","Pierre Moreau","CMD475","2026-08-10"
"C001","Jean Dupont","CMD476","2026-08-12"
"C002","Sophie Martin","CMD477","2026-08-14"
"C003","Luc Bernard","CMD478","2026-08-16"
"C004","Marie Leroy","CMD479","2026-08-18"
"C005","Pierre Moreau","CMD480","2026-08-20"
"C001","Jean Dupont","CMD481","2026-08-22"
"C002","Sophie Martin","CMD482","2026-08-24"
"C003","Luc Bernard","CMD483","2026-08-26"
"C004","Marie Leroy","CMD484","2026-08-28"
"C005","Pierre Moreau","CMD485","2026-08-30"
"C001","Jean Dupont","CMD486","2026-09-01"
"C002","Sophie Martin","CMD487","2026-09-03"
"C003","Luc Bernard","CMD488","2026-09-05"
"C004","Marie Leroy","CMD489","2026-09-07"
"C005","Pierre Moreau","CMD490","2026-09-09"
"C001","Jean Dupont","CMD491","2026-09-11"
"C002","Sophie Martin","CMD492","2026-09-13"
"C003","Luc Bernard","CMD493","2026-09-15"
"C004","Marie Leroy","CMD494","2026-09-17"
"C005","Pierre Moreau","CMD495","2026-09-19"
"C001","Jean Dupont","CMD496","2026-09-21"
"C002","Sophie Martin","CMD497","2026-09-23"
"C003","Luc Bernard","CMD498","2026-09-25"
"C004","Marie Leroy","CMD499","2026-09-27"
"C005","Pierre Moreau","CMD500","2026-09-29"
"C001","Jean Dupont","CMD501","2025-01-01"
"C002","Sophie Martin","CMD502","2025-01-03"
"C003","Luc Bernard","CMD503","2025-01-05"
"C004","Marie Leroy","CMD504","2025-01-07"
"C005","Pierre Moreau","CMD505","2025-01-09"
"C006","Alex Fournier","CMD506","2025-01-11"
"C007","Camille Garnier","CMD507","2025-01-13"
"C008","Nina Chevalier","CMD508","2025-01-15"
"C009","Lucas Lambert","CMD509","2025-01-17"
"C010","Emma Dupuis","CMD510","2025-01-19"
"C011","Hugo Lefevre","CMD511","2025-01-21"
"C012","Lina Martinez","CMD512","2025-01-23"
"C013","Leo Rousseau","CMD513","2025-01-25"
"C014","Mila Petit","CMD514","2025-01-27"
"C015","Noah Blanc","CMD515","2025-01-29"
"C016","Alex Fournier","CMD516","2025-01-31"
"C017","Camille Garnier","CMD517","2025-02-02"
"C018","Nina Chevalier","CMD518","2025-02-04"
"C019","Lucas Lambert","CMD519","2025-02-06"
"C020","Emma Dupuis","CMD520","2025-02-08"
"C021","Hugo Lefevre","CMD521","2025-02-10"
"C022","Lina Martinez","CMD522","2025-02-12"
"C023","Leo Rousseau","CMD523","2025-02-14"
"C024","Mila Petit","CMD524","2025-02-16"
"C025","Noah Blanc","CMD525","2025-02-18"
"C026","Alex Fournier","CMD526","2025-02-20"
"C027","Camille Garnier","CMD527","2025-02-22"
"C028","Nina Chevalier","CMD528","2025-02-24"
"C029","Lucas Lambert","CMD529","2025-02-26"
"C030","Emma Dupuis","CMD530","2025-02-28"
"C031","Hugo Lefevre","CMD531","2025-03-02"
"C032","Lina Martinez","CMD532","2025-03-04"
"C033","Leo Rousseau","CMD533","2025-03-06"
"C034","Mila Petit","CMD534","2025-03-08"
"C035","Noah Blanc","CMD535","2025-03-10"
"C036","Alex Fournier","CMD536","2025-03-12"
"C037","Camille Garnier","CMD537","2025-03-14"
"C038","Nina Chevalier","CMD538","2025-03-16"
"C039","Lucas Lambert","CMD539","2025-03-18"
"C040","Emma Dupuis","CMD540","2025-03-20"
"C041","Hugo Lefevre","CMD541","2025-03-22"
"C042","Lina Martinez","CMD542","2025-03-24"
"C043","Leo Rousseau","CMD543","2025-03-26"
"C044","Mila Petit","CMD544","2025-03-28"
"C045","Noah Blanc","CMD545","2025-03-30"
"C046","Alex Fournier","CMD546","2025-03-31"
"C047","Camille Garnier","CMD547","2025-04-02"
"C048","Nina Chevalier","CMD548","2025-04-04"
"C049","Lucas Lambert","CMD549","2025-04-06"
"C050","Emma Dupuis","CMD550","2025-04-08"
"C051","Hugo Lefevre","CMD551","2025-04-10"
"C052","Lina Martinez","CMD552","2025-04-12"
"C053","Leo Rousseau","CMD553","2025-04-14"
"C054","Mila Petit","CMD554","2025-04-16"
"C055","Noah Blanc","CMD555","2025-04-18"
"C056","Alex Fournier","CMD556","2025-04-20"
"C057","Camille Garnier","CMD557","2025-04-22"
"C058","Nina Chevalier","CMD558","2025-04-24"
"C059","Lucas Lambert","CMD559","2025-04-26"
"C060","Emma Dupuis","CMD560","2025-04-28"
"C061","Hugo Lefevre","CMD561","2025-04-30"
"C062","Lina Martinez","CMD562","2025-05-02"
"C063","Leo Rousseau","CMD563","2025-05-04"
"C064","Mila Petit","CMD564","2025-05-06"
"C065","Noah Blanc","CMD565","2025-05-08"
"C066","Alex Fournier","CMD566","2025-05-10"
"C067","Camille Garnier","CMD567","2025-05-12"
"C068","Nina Chevalier","CMD568","2025-05-14"
"C069","Lucas Lambert","CMD569","2025-05-16"
"C070","Emma Dupuis","CMD570","2025-05-18"
"C071","Hugo Lefevre","CMD571","2025-05-20"
"C072","Lina Martinez","CMD572","2025-05-22"
"C073","Leo Rousseau","CMD573","2025-05-24"
"C074","Mila Petit","CMD574","2025-05-26"
"C075","Noah Blanc","CMD575","2025-05-28"
"C076","Alex Fournier","CMD576","2025-05-30"
"C077","Camille Garnier","CMD577","2025-06-01"
"C078","Nina Chevalier","CMD578","2025-06-03"
"C079","Lucas Lambert","CMD579","2025-06-05"
"C080","Emma Dupuis","CMD580","2025-06-07"
"C081","Hugo Lefevre","CMD581","2025-06-09"
"C082","Lina Martinez","CMD582","2025-06-11"
"C083","Leo Rousseau","CMD583","2025-06-13"
"C084","Mila Petit","CMD584","2025-06-15"
"C085","Noah Blanc","CMD585","2025-06-17"
"C086","Alex Fournier","CMD586","2025-06-19"
"C087","Camille Garnier","CMD587","2025-06-21"
"C088","Nina Chevalier","CMD588","2025-06-23"
"C089","Lucas Lambert","CMD589","2025-06-25"
"C090","Emma Dupuis","CMD590","2025-06-27"
"C091","Hugo Lefevre","CMD591","2025-06-29"
"C092","Lina Martinez","CMD592","2025-07-01"
"C093","Leo Rousseau","CMD593","2025-07-03"
"C094","Mila Petit","CMD594","2025-07-05"
"C095","Noah Blanc","CMD595","2025-07-07"
"C096","Alex Fournier","CMD596","2025-07-09"
"C097","Camille Garnier","CMD597","2025-07-11"
"C098","Nina Chevalier","CMD598","2025-07-13"
"C099","Lucas Lambert","CMD599","2025-07-15"
"C100","Emma Dupuis","CMD600","2025-07-17"
"C101","Hugo Lefevre","CMD601","2025-07-19"
"C102","Lina Martinez","CMD602","2025-07-21"
"C103","Leo Rousseau","CMD603","2025-07-23"
"C104","Mila Petit","CMD604","2025-07-25"
"C105","Noah Blanc","CMD605","2025-07-27"
"C001","Jean Dupont","CMD606","2025-07-29"
"C002","Sophie Martin","CMD607","2025-07-31"
"C003","Luc Bernard","CMD608","2025-08-02"
"C004","Marie Leroy","CMD609","2025-08-04"
"C005","Pierre Moreau","CMD610","2025-08-06"
"C006","Alex Fournier","CMD611","2025-08-08"
"C007","Camille Garnier","CMD612","2025-08-10"
"C008","Nina Chevalier","CMD613","2025-08-12"
"C009","Lucas Lambert","CMD614","2025-08-14"
"C010","Emma Dupuis","CMD615","2025-08-16"
"C011","Hugo Lefevre","CMD616","2025-08-18"
"C012","Lina Martinez","CMD617","2025-08-20"
"C013","Leo Rousseau","CMD618","2025-08-22"
"C014","Mila Petit","CMD619","2025-08-24"
"C015","Noah Blanc","CMD620","2025-08-26"
"C016","Alex Fournier","CMD621","2025-08-28"
"C017","Camille Garnier","CMD622","2025-08-30"
"C018","Nina Chevalier","CMD623","2025-09-01"
"C019","Lucas Lambert","CMD624","2025-09-03"
"C020","Emma Dupuis","CMD625","2025-09-05"
"C021","Hugo Lefevre","CMD626","2025-09-07"
"C022","Lina Martinez","CMD627","2025-09-09"
"C023","Leo Rousseau","CMD628","2025-09-11"
"C024","Mila Petit","CMD629","2025-09-13"
"C025","Noah Blanc","CMD630","2025-09-15"
"C026","Alex Fournier","CMD631","2025-09-17"
"C027","Camille Garnier","CMD632","2025-09-19"
"C028","Nina Chevalier","CMD633","2025-09-21"
"C029","Lucas Lambert","CMD634","2025-09-23"
"C030","Emma Dupuis","CMD635","2025-09-25"
"C031","Hugo Lefevre","CMD636","2025-09-27"
"C032","Lina Martinez","CMD637","2025-09-29"
"C033","Leo Rousseau","CMD638","2025-10-01"
"C034","Mila Petit","CMD639","2025-10-03"
"C035","Noah Blanc","CMD640","2025-10-05"
"C036","Alex Fournier","CMD641","2025-10-07"
"C037","Camille Garnier","CMD642","2025-10-09"
"C038","Nina Chevalier","CMD643","2025-10-11"
"C039","Lucas Lambert","CMD644","2025-10-13"
"C040","Emma Dupuis","CMD645","2025-10-15"
"C041","Hugo Lefevre","CMD646","2025-10-17"
"C042","Lina Martinez","CMD647","2025-10-19"
"C043","Leo Rousseau","CMD648","2025-10-21"
"C044","Mila Petit","CMD649","2025-10-23"
"C045","Noah Blanc","CMD650","2025-10-25"
"C046","Alex Fournier","CMD651","2025-10-28"
"C047","Camille Garnier","CMD652","2025-10-30"
"C048","Nina Chevalier","CMD653","2025-11-01"
"C049","Lucas Lambert","CMD654","2025-11-03"
"C050","Emma Dupuis","CMD655","2025-11-05"
"C051","Hugo Lefevre","CMD656","2025-11-07"
"C052","Lina Martinez","CMD657","2025-11-09"
"C053","Leo Rousseau","CMD658","2025-11-11"
"C054","Mila Petit","CMD659","2025-11-13"
"C055","Noah Blanc","CMD660","2025-11-15"
"C056","Alex Fournier","CMD661","2025-11-17"
"C057","Camille Garnier","CMD662","2025-11-19"
"C058","Nina Chevalier","CMD663","2025-11-21"
"C059","Lucas Lambert","CMD664","2025-11-23"
"C060","Emma Dupuis","CMD665","2025-11-25"
"C061","Hugo Lefevre","CMD666","2025-11-27"
"C062","Lina Martinez","CMD667","2025-11-29"
"C063","Leo Rousseau","CMD668","2025-12-01"
"C064","Mila Petit","CMD669","2025-12-03"
"C065","Noah Blanc","CMD670","2025-12-05"
"C066","Alex Fournier","CMD671","2025-12-07"
"C067","Camille Garnier","CMD672","2025-12-09"
"C068","Nina Chevalier","CMD673","2025-12-11"
"C069","Lucas Lambert","CMD674","2025-12-13"
"C070","Emma Dupuis","CMD675","2025-12-15"
"C071","Hugo Lefevre","CMD676","2025-12-17"
"C072","Lina Martinez","CMD677","2025-12-19"
"C073","Leo Rousseau","CMD678","2025-12-21"
"C074","Mila Petit","CMD679","2025-12-23"
"C075","Noah Blanc","CMD680","2025-12-25"
"C076","Alex Fournier","CMD681","2025-12-27"
"C077","Camille Garnier","CMD682","2025-12-29"
"C078","Nina Chevalier","CMD683","2025-12-31"
"C079","Lucas Lambert","CMD684","2026-01-02"
"C080","Emma Dupuis","CMD685","2026-01-04"
"C081","Hugo Lefevre","CMD686","2026-01-06"
"C082","Lina Martinez","CMD687","2026-01-08"
"C083","Leo Rousseau","CMD688","2026-01-10"
"C084","Mila Petit","CMD689","2026-01-12"
"C085","Noah Blanc","CMD690","2026-01-14"
"C086","Alex Fournier","CMD691","2026-01-16"
"C087","Camille Garnier","CMD692","2026-01-18"
"C088","Nina Chevalier","CMD693","2026-01-20"
"C089","Lucas Lambert","CMD694","2026-01-22"
"C090","Emma Dupuis","CMD695","2026-01-24"
"C091","Hugo Lefevre","CMD696","2026-01-26"
"C092","Lina Martinez","CMD697","2026-01-28"
"C093","Leo Rousseau","CMD698","2026-01-30"
"C094","Mila Petit","CMD699","2026-02-01"
"C095","Noah Blanc","CMD700","2026-02-03"
"C096","Alex Fournier","CMD701","2026-02-05"
"C097","Camille Garnier","CMD702","2026-02-07"
"C098","Nina Chevalier","CMD703","2026-02-09"
"C099","Lucas Lambert","CMD704","2026-02-11"
"C100","Emma Dupuis","CMD705","2026-02-13"
"C101","Hugo Lefevre","CMD706","2026-02-15"
"C102","Lina Martinez","CMD707","2026-02-17"
"C103","Leo Rousseau","CMD708","2026-02-19"
"C104","Mila Petit","CMD709","2026-02-21"
"C105","Noah Blanc","CMD710","2026-02-23"
"C001","Jean Dupont","CMD711","2026-02-25"
"C002","Sophie Martin","CMD712","2026-02-27"
"C003","Luc Bernard","CMD713","2026-03-01"
"C004","Marie Leroy","CMD714","2026-03-03"
"C005","Pierre Moreau","CMD715","2026-03-05"
"C006","Alex Fournier","CMD716","2026-03-07"
"C007","Camille Garnier","CMD717","2026-03-09"
"C008","Nina Chevalier","CMD718","2026-03-11"
"C009","Lucas Lambert","CMD719","2026-03-13"
"C010","Emma Dupuis","CMD720","2026-03-15"
"C011","Hugo Lefevre","CMD721","2026-03-17"
"C012","Lina Martinez","CMD722","2026-03-19"
"C013","Leo Rousseau","CMD723","2026-03-21"
"C014","Mila Petit","CMD724","2026-03-23"
"C015","Noah Blanc","CMD725","2026-03-25"
"C016","Alex Fournier","CMD726","2026-03-27"
"C017","Camille Garnier","CMD727","2026-03-29"
"C018","Nina Chevalier","CMD728","2026-03-30"
"C019","Lucas Lambert","CMD729","2026-04-01"
"C020","Emma Dupuis","CMD730","2026-04-03"
"C021","Hugo Lefevre","CMD731","2026-04-05"
"C022","Lina Martinez","CMD732","2026-04-07"
"C023","Leo Rousseau","CMD733","2026-04-09"
"C024","Mila Petit","CMD734","2026-04-11"
"C025","Noah Blanc","CMD735","2026-04-13"
"C026","Alex Fournier","CMD736","2026-04-15"
"C027","Camille Garnier","CMD737","2026-04-17"
"C028","Nina Chevalier","CMD738","2026-04-19"
"C029","Lucas Lambert","CMD739","2026-04-21"
"C030","Emma Dupuis","CMD740","2026-04-23"
"C031","Hugo Lefevre","CMD741","2026-04-25"
"C032","Lina Martinez","CMD742","2026-04-27"
"C033","Leo Rousseau","CMD743","2026-04-29"
"C034","Mila Petit","CMD744","2026-05-01"
"C035","Noah Blanc","CMD745","2026-05-03"
"C036","Alex Fournier","CMD746","2026-05-05"
"C037","Camille Garnier","CMD747","2026-05-07"
"C038","Nina Chevalier","CMD748","2026-05-09"
"C039","Lucas Lambert","CMD749","2026-05-11"
"C040","Emma Dupuis","CMD750","2026-05-13"
"C041","Hugo Lefevre","CMD751","2026-05-15"
"C042","Lina Martinez","CMD752","2026-05-17"
"C043","Leo Rousseau","CMD753","2026-05-19"
"C044","Mila Petit","CMD754","2026-05-21"
"C045","Noah Blanc","CMD755","2026-05-23"
"C046","Alex Fournier","CMD756","2026-05-25"
"C047","Camille Garnier","CMD757","2026-05-27"
"C048","Nina Chevalier","CMD758","2026-05-29"
"C049","Lucas Lambert","CMD759","2026-05-31"
"C050","Emma Dupuis","CMD760","2026-06-02"
"C051","Hugo Lefevre","CMD761","2026-06-04"
"C052","Lina Martinez","CMD762","2026-06-06"
"C053","Leo Rousseau","CMD763","2026-06-08"
"C054","Mila Petit","CMD764","2026-06-10"
"C055","Noah Blanc","CMD765","2026-06-12"
"C056","Alex Fournier","CMD766","2026-06-14"
"C057","Camille Garnier","CMD767","2026-06-16"
"C058","Nina Chevalier","CMD768","2026-06-18"
"C059","Lucas Lambert","CMD769","2026-06-20"
"C060","Emma Dupuis","CMD770","2026-06-22"
"C061","Hugo Lefevre","CMD771","2026-06-24"
"C062","Lina Martinez","CMD772","2026-06-26"
"C063","Leo Rousseau","CMD773","2026-06-28"
"C064","Mila Petit","CMD774","2026-06-30"
"C065","Noah Blanc","CMD775","2026-07-02"
"C066","Alex Fournier","CMD776","2026-07-04"
"C067","Camille Garnier","CMD777","2026-07-06"
"C068","Nina Chevalier","CMD778","2026-07-08"
"C069","Lucas Lambert","CMD779","2026-07-10"
"C070","Emma Dupuis","CMD780","2026-07-12"
"C071","Hugo Lefevre","CMD781","2026-07-14"
"C072","Lina Martinez","CMD782","2026-07-16"
"C073","Leo Rousseau","CMD783","2026-07-18"
"C074","Mila Petit","CMD784","2026-07-20"
"C075","Noah Blanc","CMD785","2026-07-22"
"C076","Alex Fournier","CMD786","2026-07-24"
"C077","Camille Garnier","CMD787","2026-07-26"
"C078","Nina Chevalier","CMD788","2026-07-28"
"C079","Lucas Lambert","CMD789","2026-07-30"
"C080","Emma Dupuis","CMD790","2026-08-01"
"C081","Hugo Lefevre","CMD791","2026-08-03"
"C082","Lina Martinez","CMD792","2026-08-05"
"C083","Leo Rousseau","CMD793","2026-08-07"
"C084","Mila Petit","CMD794","2026-08-09"
"C085","Noah Blanc","CMD795","2026-08-11"
"C086","Alex Fournier","CMD796","2026-08-13"
"C087","Camille Garnier","CMD797","2026-08-15"
"C088","Nina Chevalier","CMD798","2026-08-17"
"C089","Lucas Lambert","CMD799","2026-08-19"
"C090","Emma Dupuis","CMD800","2026-08-21"
"C091","Hugo Lefevre","CMD801","2026-08-23"
"C092","Lina Martinez","CMD802","2026-08-25"
"C093","Leo Rousseau","CMD803","2026-08-27"
"C094","Mila Petit","CMD804","2026-08-29"
"C095","Noah Blanc","CMD805","2026-08-31"
"C096","Alex Fournier","CMD806","2026-09-02"
"C097","Camille Garnier","CMD807","2026-09-04"
"C098","Nina Chevalier","CMD808","2026-09-06"
"C099","Lucas Lambert","CMD809","2026-09-08"
"C100","Emma Dupuis","CMD810","2026-09-10"
"C101","Hugo Lefevre","CMD811","2026-09-12"
"C102","Lina Martinez","CMD812","2026-09-14"
"C103","Leo Rousseau","CMD813","2026-09-16"
"C104","Mila Petit","CMD814","2026-09-18"
"C105","Noah Blanc","CMD815","2026-09-20"
"C001","Jean Dupont","CMD816","2026-09-22"
"C002","Sophie Martin","CMD817","2026-09-24"
"C003","Luc Bernard","CMD818","2026-09-26"
"C004","Marie Leroy","CMD819","2026-09-28"
"C005","Pierre Moreau","CMD820","2026-09-30"
"C006","Alex Fournier","CMD821","2026-10-02"
"C007","Camille Garnier","CMD822","2026-10-04"
"C008","Nina Chevalier","CMD823","2026-10-06"
"C009","Lucas Lambert","CMD824","2026-10-08"
"C010","Emma Dupuis","CMD825","2026-10-10"
"C011","Hugo Lefevre","CMD826","2026-10-12"
"C012","Lina Martinez","CMD827","2026-10-14"
"C013","Leo Rousseau","CMD828","2026-10-16"
"C014","Mila Petit","CMD829","2026-10-18"
"C015","Noah Blanc","CMD830","2026-10-20"
"C016","Alex Fournier","CMD831","2026-10-22"
"C017","Camille Garnier","CMD832","2026-10-24"
"C018","Nina Chevalier","CMD833","2026-10-27"
"C019","Lucas Lambert","CMD834","2026-10-29"
"C020","Emma Dupuis","CMD835","2026-10-31"
"C021","Hugo Lefevre","CMD836","2026-11-02"
"C022","Lina Martinez","CMD837","2026-11-04"
"C023","Leo Rousseau","CMD838","2026-11-06"
"C024","Mila Petit","CMD839","2026-11-08"
"C025","Noah Blanc","CMD840","2026-11-10"
"C026","Alex Fournier","CMD841","2026-11-12"
"C027","Camille Garnier","CMD842","2026-11-14"
"C028","Nina Chevalier","CMD843","2026-11-16"
"C029","Lucas Lambert","CMD844","2026-11-18"
"C030","Emma Dupuis","CMD845","2026-11-20"
"C031","Hugo Lefevre","CMD846","2026-11-22"
"C032","Lina Martinez","CMD847","2026-11-24"
"C033","Leo Rousseau","CMD848","2026-11-26"
"C034","Mila Petit","CMD849","2026-11-28"
"C035","Noah Blanc","CMD850","2026-11-30"
"C036","Alex Fournier","CMD851","2026-12-02"
"C037","Camille Garnier","CMD852","2026-12-04"
"C038","Nina Chevalier","CMD853","2026-12-06"
"C039","Lucas Lambert","CMD854","2026-12-08"
"C040","Emma Dupuis","CMD855","2026-12-10"
"C041","Hugo Lefevre","CMD856","2026-12-12"
"C042","Lina Martinez","CMD857","2026-12-14"
"C043","Leo Rousseau","CMD858","2026-12-16"
"C044","Mila Petit","CMD859","2026-12-18"
"C045","Noah Blanc","CMD860","2026-12-20"
"C046","Alex Fournier","CMD861","2026-12-22"
"C047","Camille Garnier","CMD862","2026-12-24"
"C048","Nina Chevalier","CMD863","2026-12-26"
"C049","Lucas Lambert","CMD864","2026-12-28"
"C050","Emma Dupuis","CMD865","2026-12-30"
"C051","Hugo Lefevre","CMD866","2027-01-01"
"C052","Lina Martinez","CMD867","2027-01-03"
"C053","Leo Rousseau","CMD868","2027-01-05"
"C054","Mila Petit","CMD869","2027-01-07"
"C055","Noah Blanc","CMD870","2027-01-09"
"C056","Alex Fournier","CMD871","2027-01-11"
"C057","Camille Garnier","CMD872","2027-01-13"
"C058","Nina Chevalier","CMD873","2027-01-15"
"C059","Lucas Lambert","CMD874","2027-01-17"
"C060","Emma Dupuis","CMD875","2027-01-19"
"C061","Hugo Lefevre","CMD876","2027-01-21"
"C062","Lina Martinez","CMD877","2027-01-23"
"C063","Leo Rousseau","CMD878","2027-01-25"
"C064","Mila Petit","CMD879","2027-01-27"
"C065","Noah Blanc","CMD880","2027-01-29"
"C066","Alex Fournier","CMD881","2027-01-31"
"C067","Camille Garnier","CMD882","2027-02-02"
"C068","Nina Chevalier","CMD883","2027-02-04"
"C069","Lucas Lambert","CMD884","2027-02-06"
"C070","Emma Dupuis","CMD885","2027-02-08"
"C071","Hugo Lefevre","CMD886","2027-02-10"
"C072","Lina Martinez","CMD887","2027-02-12"
"C073","Leo Rousseau","CMD888","2027-02-14"
"C074","Mila Petit","CMD889","2027-02-16"
"C075","Noah Blanc","CMD890","2027-02-18"
"C076","Alex Fournier","CMD891","2027-02-20"
"C077","Camille Garnier","CMD892","2027-02-22"
"C078","Nina Chevalier","CMD893","2027-02-24"
"C079","Lucas Lambert","CMD894","2027-02-26"
"C080","Emma Dupuis","CMD895","2027-02-28"
"C081","Hugo Lefevre","CMD896","2027-03-02"
"C082","Lina Martinez","CMD897","2027-03-04"
"C083","Leo Rousseau","CMD898","2027-03-06"
"C084","Mila Petit","CMD899","2027-03-08"
"C085","Noah Blanc","CMD900","2027-03-10"
"C086","Alex Fournier","CMD901","2027-03-12"
"C087","Camille Garnier","CMD902","2027-03-14"
"C088","Nina Chevalier","CMD903","2027-03-16"
"C089","Lucas Lambert","CMD904","2027-03-18"
"C090","Emma Dupuis","CMD905","2027-03-20"
"C091","Hugo Lefevre","CMD906","2027-03-22"
"C092","Lina Martinez","CMD907","2027-03-24"
"C093","Leo Rousseau","CMD908","2027-03-26"
"C094","Mila Petit","CMD909","2027-03-28"
"C095","Noah Blanc","CMD910","2027-03-29"
"C096","Alex Fournier","CMD911","2027-03-31"
"C097","Camille Garnier","CMD912","2027-04-02"
"C098","Nina Chevalier","CMD913","2027-04-04"
"C099","Lucas Lambert","CMD914","2027-04-06"
"C100","Emma Dupuis","CMD915","2027-04-08"
"C101","Hugo Lefevre","CMD916","2027-04-10"
"C102","Lina Martinez","CMD917","2027-04-12"
"C103","Leo Rousseau","CMD918","2027-04-14"
"C104","Mila Petit","CMD919","2027-04-16"
"C105","Noah Blanc","CMD920","2027-04-18"
"C001","Jean Dupont","CMD921","2027-04-20"
"C002","Sophie Martin","CMD922","2027-04-22"
"C003","Luc Bernard","CMD923","2027-04-24"
"C004","Marie Leroy","CMD924","2027-04-26"
"C005","Pierre Moreau","CMD925","2027-04-28"
"C006","Alex Fournier","CMD926","2027-04-30"
"C007","Camille Garnier","CMD927","2027-05-02"
"C008","Nina Chevalier","CMD928","2027-05-04"
"C009","Lucas Lambert","CMD929","2027-05-06"
"C010","Emma Dupuis","CMD930","2027-05-08"
"C011","Hugo Lefevre","CMD931","2027-05-10"
"C012","Lina Martinez","CMD932","2027-05-12"
"C013","Leo Rousseau","CMD933","2027-05-14"
"C014","Mila Petit","CMD934","2027-05-16"
"C015","Noah Blanc","CMD935","2027-05-18"
"C016","Alex Fournier","CMD936","2027-05-20"
"C017","Camille Garnier","CMD937","2027-05-22"
"C018","Nina Chevalier","CMD938","2027-05-24"
"C019","Lucas Lambert","CMD939","2027-05-26"
"C020","Emma Dupuis","CMD940","2027-05-28"
"C021","Hugo Lefevre","CMD941","2027-05-30"
"C022","Lina Martinez","CMD942","2027-06-01"
"C023","Leo Rousseau","CMD943","2027-06-03"
"C024","Mila Petit","CMD944","2027-06-05"
"C025","Noah Blanc","CMD945","2027-06-07"
"C026","Alex Fournier","CMD946","2027-06-09"
"C027","Camille Garnier","CMD947","2027-06-11"
"C028","Nina Chevalier","CMD948","2027-06-13"
"C029","Lucas Lambert","CMD949","2027-06-15"
"C030","Emma Dupuis","CMD950","2027-06-17"
"C031","Hugo Lefevre","CMD951","2027-06-19"
"C032","Lina Martinez","CMD952","2027-06-21"
"C033","Leo Rousseau","CMD953","2027-06-23"
"C034","Mila Petit","CMD954","2027-06-25"
"C035","Noah Blanc","CMD955","2027-06-27"
"C036","Alex Fournier","CMD956","2027-06-29"
"C037","Camille Garnier","CMD957","2027-07-01"
"C038","Nina Chevalier","CMD958","2027-07-03"
"C039","Lucas Lambert","CMD959","2027-07-05"
"C040","Emma Dupuis","CMD960","2027-07-07"
"C041","Hugo Lefevre","CMD961","2027-07-09"
"C042","Lina Martinez","CMD962","2027-07-11"
"C043","Leo Rousseau","CMD963","2027-07-13"
"C044","Mila Petit","CMD964","2027-07-15"
"C045","Noah Blanc","CMD965","2027-07-17"
"C046","Alex Fournier","CMD966","2027-07-19"
"C047","Camille Garnier","CMD967","2027-07-21"
"C048","Nina Chevalier","CMD968","2027-07-23"
"C049","Lucas Lambert","CMD969","2027-07-25"
"C050","Emma Dupuis","CMD970","2027-07-27"
"C051","Hugo Lefevre","CMD971","2027-07-29"
"C052","Lina Martinez","CMD972","2027-07-31"
"C053","Leo Rousseau","CMD973","2027-08-02"
"C054","Mila Petit","CMD974","2027-08-04"
"C055","Noah Blanc","CMD975","2027-08-06"
"C056","Alex Fournier","CMD976","2027-08-08"
"C057","Camille Garnier","CMD977","2027-08-10"
"C058","Nina Chevalier","CMD978","2027-08-12"
"C059","Lucas Lambert","CMD979","2027-08-14"
"C060","Emma Dupuis","CMD980","2027-08-16"
"C061","Hugo Lefevre","CMD981","2027-08-18"
"C062","Lina Martinez","CMD982","2027-08-20"
"C063","Leo Rousseau","CMD983","2027-08-22"
"C064","Mila Petit","CMD984","2027-08-24"
"C065","Noah Blanc","CMD985","2027-08-26"
"C066","Alex Fournier","CMD986","2027-08-28"
"C067","Camille Garnier","CMD987","2027-08-30"
"C068","Nina Chevalier","CMD988","2027-09-01"
"C069","Lucas Lambert","CMD989","2027-09-03"
"C070","Emma Dupuis","CMD990","2027-09-05"
"C071","Hugo Lefevre","CMD991","2027-09-07"
"C072","Lina Martinez","CMD992","2027-09-09"
"C073","Leo Rousseau","CMD993","2027-09-11"
"C074","Mila Petit","CMD994","2027-09-13"
"C075","Noah Blanc","CMD995","2027-09-15"
"C076","Alex Fournier","CMD996","2027-09-17"
"C077","Camille Garnier","CMD997","2027-09-19"
"C078","Nina Chevalier","CMD998","2027-09-21"
"C079","Lucas Lambert","CMD999","2027-09-23"
"C080","Emma Dupuis","CMD1000","2027-09-25"
